{"cameraMode":{"drawMode":0,"name":"Shaded","section":"Shading Mode"},"sceneLighting":true,"audioPlay":false,"sceneViewState":{"showFog":true,"showMaterialUpdate":false,"showSkybox":true,"showFlares":true,"showImageEffects":true,"showParticleSystems":true,"showVisualEffectGraphs":true,"m_FxEnabled":true},"in2DMode":false,"pivot":{"x":24.273408889770509,"y":-17.187294006347658,"z":2.353168487548828},"rotation":{"x":-0.46035200357437136,"y":-0.03881138935685158,"z":0.019532181322574617,"w":-0.8867954015731812},"size":39.08064270019531,"orthographic":false}