{"cameraMode":{"drawMode":0,"name":"Shaded","section":"Shading Mode"},"sceneLighting":true,"audioPlay":false,"sceneViewState":{"showFog":true,"showMaterialUpdate":false,"showSkybox":true,"showFlares":true,"showImageEffects":true,"showParticleSystems":true,"showVisualEffectGraphs":true,"m_FxEnabled":true},"in2DMode":false,"pivot":{"x":607.0429077148438,"y":279.3595275878906,"z":7.167604923248291},"rotation":{"x":-0.07972981035709381,"y":0.007528322283178568,"z":-0.00048485357547178864,"w":-0.9968520998954773},"size":665.0001831054688,"orthographic":false}