{"cameraMode":{"drawMode":0,"name":"Shaded","section":"Shading Mode"},"sceneLighting":true,"audioPlay":false,"sceneViewState":{"showFog":true,"showMaterialUpdate":false,"showSkybox":true,"showFlares":true,"showImageEffects":true,"showParticleSystems":true,"showVisualEffectGraphs":true,"m_FxEnabled":true},"in2DMode":false,"pivot":{"x":11.525152206420899,"y":13.496906280517579,"z":-10.524293899536133},"rotation":{"x":-0.44482454657554629,"y":0.11770319193601608,"z":-0.059008195996284488,"w":-0.885936975479126},"size":12.12435531616211,"orthographic":false}